,CodigoConvocatoria,CodigoSicAgente,NombreAgenteComprador,FechaPublicacionAviso,PeriodoAContratar,FechaPliegosParaConsulta,FechaPliegosDefinitivos,FechaLimiteRecepcionOfertas,AudienciaPublica,FechaMaximaFormalizacionContratos,Estado,FechaSuspension,FechaReactivacion,FechaCancelacion,FechaCierreConvocatoria,union,tmp,Productos,Cantidad de energía demandada GWh,Cantidad de energía adjudicada GWh,Precio promedio ponderado adjudicado ($/KWh),periodo_inicio,periodo_fin,descripcion
0,CP-EMPC2022-002,EMPC,EMSERPUCAR,02/12/2022,01/02/2023 al 31/12/2026,02/12/2022,14/12/2022,12/01/2023,25/01/2023,15/02/2023,Cerrada y adjudicada,,,,16/02/2023,CP-EMPC2022-002/EMSERPUCAR/EMPC/01%2F02%2F2023/31%2F12%2F2026,1,CP-EMPC2022-002-PROD02,53.72,50.07,318.5,01/02/2023,31/12/2026,CONVOCATORIA PUBLICA PARA EL PERIODO COMPRENDIDO ENTRE EL 01 DE FEBRERO DE 2023 HASTA EL 31 DE DICIEMBRE DE 2026
1,CP-GNCC2022-003,GNCC,VATIA,17/11/2022,01/02/2023 al 31/12/2026,21/11/2022,07/12/2022,05/01/2023,19/01/2023,27/01/2023,Cerrada y adjudicada,,,,31/01/2023,CP-GNCC2022-003/VATIA/GNCC/01%2F02%2F2023/31%2F12%2F2026,1,CP-GNCC2022-003-PROD01,115.0,108.75,276.14,01/02/2023,31/12/2026,VATIA S.A E.S.P. -VATIA- está interesada en recibir ofertas para la contratación del suministro de energía eléctrica con destino a atender la demanda del mercado regulado en el periodo comprendido desde las 00:00 horas de la fecha de registro hasta las 24:00 del día 31 de diciembre de 2026.
2,CP-GNCC2022-003,GNCC,VATIA,17/11/2022,01/02/2023 al 31/12/2026,21/11/2022,07/12/2022,05/01/2023,19/01/2023,27/01/2023,Cerrada y adjudicada,,,,31/01/2023,CP-GNCC2022-003/VATIA/GNCC/01%2F02%2F2023/31%2F12%2F2026,1,CP-GNCC2022-003-PROD02,235.6,235.6,281.9,01/02/2023,31/12/2026,VATIA S.A E.S.P. -VATIA- está interesada en recibir ofertas para la contratación del suministro de energía eléctrica con destino a atender la demanda del mercado regulado en el periodo comprendido desde las 00:00 horas de la fecha de registro hasta las 24:00 del día 31 de diciembre de 2026.
3,CP-GNCC2022-003,GNCC,VATIA,17/11/2022,01/02/2023 al 31/12/2026,21/11/2022,07/12/2022,05/01/2023,19/01/2023,27/01/2023,Cerrada y adjudicada,,,,31/01/2023,CP-GNCC2022-003/VATIA/GNCC/01%2F02%2F2023/31%2F12%2F2026,1,CP-GNCC2022-003-PROD03,135.55,0.0,0.0,01/02/2023,31/12/2026,VATIA S.A E.S.P. -VATIA- está interesada en recibir ofertas para la contratación del suministro de energía eléctrica con destino a atender la demanda del mercado regulado en el periodo comprendido desde las 00:00 horas de la fecha de registro hasta las 24:00 del día 31 de diciembre de 2026.
4,CP-GNCC2022-003,GNCC,VATIA,17/11/2022,01/02/2023 al 31/12/2026,21/11/2022,07/12/2022,05/01/2023,19/01/2023,27/01/2023,Cerrada y adjudicada,,,,31/01/2023,CP-GNCC2022-003/VATIA/GNCC/01%2F02%2F2023/31%2F12%2F2026,1,CP-GNCC2022-003-PROD04,161.42,0.0,0.0,01/02/2023,31/12/2026,VATIA S.A E.S.P. -VATIA- está interesada en recibir ofertas para la contratación del suministro de energía eléctrica con destino a atender la demanda del mercado regulado en el periodo comprendido desde las 00:00 horas de la fecha de registro hasta las 24:00 del día 31 de diciembre de 2026.
5,CP-TENC2022-003,TENC,Tenergeticas,09/11/2022,01/02/2023 al 31/12/2033,10/11/2022,21/11/2022,20/12/2022,30/12/2022,23/01/2023,Cerrada y adjudicada,,,,14/02/2023,CP-TENC2022-003/Tenergeticas/TENC/01%2F02%2F2023/31%2F12%2F2026,1,CP-TENC2022-003-PROD01,24.84,0.0,0.0,01/02/2023,31/12/2033,"TRANSACCIONES ENERGETICAS S.A.S. ESP, invita a los interesados a presentar oferta mercantil para el suministro de energía entre el 1 de febrero de 2023 y el 31 de diciembre de 2033, para atender su mercado regulado"
6,CP-TENC2022-003,TENC,Tenergeticas,09/11/2022,01/02/2023 al 31/12/2033,10/11/2022,21/11/2022,20/12/2022,30/12/2022,23/01/2023,Cerrada y adjudicada,,,,14/02/2023,CP-TENC2022-003/Tenergeticas/TENC/01%2F02%2F2023/31%2F12%2F2026,1,CP-TENC2022-003-PROD02,17.57,17.57,288.96,01/02/2023,31/12/2033,"TRANSACCIONES ENERGETICAS S.A.S. ESP, invita a los interesados a presentar oferta mercantil para el suministro de energía entre el 1 de febrero de 2023 y el 31 de diciembre de 2033, para atender su mercado regulado"
7,CP-TENC2022-003,TENC,Tenergeticas,09/11/2022,01/02/2023 al 31/12/2033,10/11/2022,21/11/2022,20/12/2022,30/12/2022,23/01/2023,Cerrada y adjudicada,,,,14/02/2023,CP-TENC2022-003/Tenergeticas/TENC/01%2F02%2F2023/31%2F12%2F2026,1,CP-TENC2022-003-PROD03,67.22,44.8,251.97,01/02/2023,31/12/2033,"TRANSACCIONES ENERGETICAS S.A.S. ESP, invita a los interesados a presentar oferta mercantil para el suministro de energía entre el 1 de febrero de 2023 y el 31 de diciembre de 2033, para atender su mercado regulado"
8,CP-BIAC2022-002,BIAC,BIAE,01/11/2022,01/02/2023 al 31/12/2038,01/11/2022,10/11/2022,12/12/2022,23/12/2022,13/01/2023,Cerrada y adjudicada,,,,17/01/2023,CP-BIAC2022-002/BIAE/BIAC/01%2F02%2F2023/31%2F12%2F2026,1,CP-BIAC2022-002-PROD01,775.0,695.78,262.99,01/02/2023,31/12/2038,"BIA ENERGY S.A.S. ESP., está interesada en recibir ofertas para la compra de energía eléctrica para el período comprendido entre el 01 de febrero del año 2023 al 31 de diciembre del año 2038, con el objetivo de abastecer la demanda comercial de energía de su Mercado Regulado."
9,CP-BIAC2022-002,BIAC,BIAE,01/11/2022,01/02/2023 al 31/12/2038,01/11/2022,10/11/2022,12/12/2022,23/12/2022,13/01/2023,Cerrada y adjudicada,,,,17/01/2023,CP-BIAC2022-002/BIAE/BIAC/01%2F02%2F2023/31%2F12%2F2026,1,CP-BIAC2022-002-PROD02,225.68,0.0,0.0,01/02/2023,31/12/2038,"BIA ENERGY S.A.S. ESP., está interesada en recibir ofertas para la compra de energía eléctrica para el período comprendido entre el 01 de febrero del año 2023 al 31 de diciembre del año 2038, con el objetivo de abastecer la demanda comercial de energía de su Mercado Regulado."
10,CP-BIAC2022-002,BIAC,BIAE,01/11/2022,01/02/2023 al 31/12/2038,01/11/2022,10/11/2022,12/12/2022,23/12/2022,13/01/2023,Cerrada y adjudicada,,,,17/01/2023,CP-BIAC2022-002/BIAE/BIAC/01%2F02%2F2023/31%2F12%2F2026,1,CP-BIAC2022-002-PROD03,23.2,0.0,0.0,01/02/2023,31/12/2038,"BIA ENERGY S.A.S. ESP., está interesada en recibir ofertas para la compra de energía eléctrica para el período comprendido entre el 01 de febrero del año 2023 al 31 de diciembre del año 2038, con el objetivo de abastecer la demanda comercial de energía de su Mercado Regulado."
11,CP-EEPC2022-003,EEPC,EEP,26/10/2022,01/01/2023 al 31/12/2023,26/10/2022,08/11/2022,07/12/2022,21/12/2022,30/12/2022,Cerrada y adjudicada,,,,02/01/2023,CP-EEPC2022-003/EEP/EEPC/01%2F02%2F2023/31%2F12%2F2026,1,CP-EEPC2022-003-PROD01,30.86,2.38,314.63,01/01/2023,31/12/2023,"EMPRESA DE ENERGÍA DE PEREIRA S.A. ESP., está interesada en recibir ofertas para la venta o suministro de energía eléctrica para el período comprendido entre el 01 de enero del año 2023 al 31 de diciembre del año 2023, con el objetivo de abastecer la demanda comercial de energía de su Mercado Regulado."
12,CP-EEPC2022-003,EEPC,EEP,26/10/2022,01/01/2023 al 31/12/2023,26/10/2022,08/11/2022,07/12/2022,21/12/2022,30/12/2022,Cerrada y adjudicada,,,,02/01/2023,CP-EEPC2022-003/EEP/EEPC/01%2F02%2F2023/31%2F12%2F2026,1,CP-EEPC2022-003-PROD02,8.76,2.38,311.49,01/01/2023,31/12/2023,"EMPRESA DE ENERGÍA DE PEREIRA S.A. ESP., está interesada en recibir ofertas para la venta o suministro de energía eléctrica para el período comprendido entre el 01 de enero del año 2023 al 31 de diciembre del año 2023, con el objetivo de abastecer la demanda comercial de energía de su Mercado Regulado."
13,CP-ENBC2022-001,ENBC,ENERBIT,25/10/2022,01/02/2023 al 31/12/2027,25/10/2022,17/11/2022,16/12/2022,28/12/2022,19/01/2023,Cerrada y adjudicada,,,,23/01/2023,CP-ENBC2022-001/ENERBIT/ENBC/01%2F02%2F2023/31%2F12%2F2026,1,CP-ENBC2022-001-PROD01,83.5,35.0,310.0,01/02/2023,31/12/2027,"ENERBIT (empresa del grupo ARGOS) invita a los interesados a presentar Oferta Mercantil para atender el suministro de energía con destino al Mercado Regulado, para el período 1 febrero 2023 al 31 diciembre 2027, según los términos y condiciones descritos en la presente convocatoria pública."
14,CP-ENBC2022-001,ENBC,ENERBIT,25/10/2022,01/02/2023 al 31/12/2027,25/10/2022,17/11/2022,16/12/2022,28/12/2022,19/01/2023,Cerrada y adjudicada,,,,23/01/2023,CP-ENBC2022-001/ENERBIT/ENBC/01%2F02%2F2023/31%2F12%2F2026,1,CP-ENBC2022-001-PROD02,180.0,180.0,267.0,01/02/2023,31/12/2027,"ENERBIT (empresa del grupo ARGOS) invita a los interesados a presentar Oferta Mercantil para atender el suministro de energía con destino al Mercado Regulado, para el período 1 febrero 2023 al 31 diciembre 2027, según los términos y condiciones descritos en la presente convocatoria pública."
15,CP-ENBC2022-001,ENBC,ENERBIT,25/10/2022,01/02/2023 al 31/12/2027,25/10/2022,17/11/2022,16/12/2022,28/12/2022,19/01/2023,Cerrada y adjudicada,,,,23/01/2023,CP-ENBC2022-001/ENERBIT/ENBC/01%2F02%2F2023/31%2F12%2F2026,1,CP-ENBC2022-001-PROD03,263.0,0.0,0.0,01/02/2023,31/12/2027,"ENERBIT (empresa del grupo ARGOS) invita a los interesados a presentar Oferta Mercantil para atender el suministro de energía con destino al Mercado Regulado, para el período 1 febrero 2023 al 31 diciembre 2027, según los términos y condiciones descritos en la presente convocatoria pública."
16,CP-HLAC2022-002,HLAC,ELECTROHUILA,25/10/2022,01/01/2023 al 31/12/2037,25/10/2022,10/11/2022,12/12/2022,23/12/2022,12/01/2023,Cerrada y adjudicada,,,,26/01/2023,CP-HLAC2022-002/ELECTROHUILA/HLAC/01%2F02%2F2023/31%2F12%2F2026,1,CP-HLAC2022-002-PROD01,339.68,0.0,0.0,01/01/2023,31/12/2037,Suministro de energía y potencia asociada con destino al mercado regulado de ELECTROHUILA SA ESP para el período comprendido entre 01 de enero de 2023 al 31 de diciembre de 2037
17,CP-HLAC2022-002,HLAC,ELECTROHUILA,25/10/2022,01/01/2023 al 31/12/2037,25/10/2022,10/11/2022,12/12/2022,23/12/2022,12/01/2023,Cerrada y adjudicada,,,,26/01/2023,CP-HLAC2022-002/ELECTROHUILA/HLAC/01%2F02%2F2023/31%2F12%2F2026,1,CP-HLAC2022-002-PROD02,179.99,0.0,0.0,01/01/2023,31/12/2037,Suministro de energía y potencia asociada con destino al mercado regulado de ELECTROHUILA SA ESP para el período comprendido entre 01 de enero de 2023 al 31 de diciembre de 2037
18,CP-HLAC2022-002,HLAC,ELECTROHUILA,25/10/2022,01/01/2023 al 31/12/2037,25/10/2022,10/11/2022,12/12/2022,23/12/2022,12/01/2023,Cerrada y adjudicada,,,,26/01/2023,CP-HLAC2022-002/ELECTROHUILA/HLAC/01%2F02%2F2023/31%2F12%2F2026,1,CP-HLAC2022-002-PROD03,579.94,577.94,239.68,01/01/2023,31/12/2037,Suministro de energía y potencia asociada con destino al mercado regulado de ELECTROHUILA SA ESP para el período comprendido entre 01 de enero de 2023 al 31 de diciembre de 2037
19,CP-HLAC2022-002,HLAC,ELECTROHUILA,25/10/2022,01/01/2023 al 31/12/2037,25/10/2022,10/11/2022,12/12/2022,23/12/2022,12/01/2023,Cerrada y adjudicada,,,,26/01/2023,CP-HLAC2022-002/ELECTROHUILA/HLAC/01%2F02%2F2023/31%2F12%2F2026,1,CP-HLAC2022-002-PROD04,979.02,0.0,0.0,01/01/2023,31/12/2037,Suministro de energía y potencia asociada con destino al mercado regulado de ELECTROHUILA SA ESP para el período comprendido entre 01 de enero de 2023 al 31 de diciembre de 2037
20,CP-HLAC2022-002,HLAC,ELECTROHUILA,25/10/2022,01/01/2023 al 31/12/2037,25/10/2022,10/11/2022,12/12/2022,23/12/2022,12/01/2023,Cerrada y adjudicada,,,,26/01/2023,CP-HLAC2022-002/ELECTROHUILA/HLAC/01%2F02%2F2023/31%2F12%2F2026,1,CP-HLAC2022-002-PROD05,1412.04,0.0,0.0,01/01/2023,31/12/2037,Suministro de energía y potencia asociada con destino al mercado regulado de ELECTROHUILA SA ESP para el período comprendido entre 01 de enero de 2023 al 31 de diciembre de 2037
21,CP-EDPC2022-004,EDPC,DISPAC,25/10/2022,01/02/2023 al 31/12/2032,25/10/2022,17/11/2022,19/12/2022,28/12/2022,18/01/2023,Cerrada y adjudicada,,,,03/02/2023,CP-EDPC2022-004/DISPAC/EDPC/01%2F02%2F2023/31%2F12%2F2026,1,CP-EDPC2022-004-PROD01,85.93,0.0,0.0,01/02/2023,31/12/2032,"Suministro de energía y potencia para el producto 1 despacho FNCER vigencia 2023-2032, producto 2 y 3 despacho de energía y potencia vigencias 2023-2025"
22,CP-EDPC2022-004,EDPC,DISPAC,25/10/2022,01/02/2023 al 31/12/2032,25/10/2022,17/11/2022,19/12/2022,28/12/2022,18/01/2023,Cerrada y adjudicada,,,,03/02/2023,CP-EDPC2022-004/DISPAC/EDPC/01%2F02%2F2023/31%2F12%2F2026,1,CP-EDPC2022-004-PROD02,40.08,0.0,0.0,01/02/2023,31/12/2032,"Suministro de energía y potencia para el producto 1 despacho FNCER vigencia 2023-2032, producto 2 y 3 despacho de energía y potencia vigencias 2023-2025"
23,CP-EDPC2022-004,EDPC,DISPAC,25/10/2022,01/02/2023 al 31/12/2032,25/10/2022,17/11/2022,19/12/2022,28/12/2022,18/01/2023,Cerrada y adjudicada,,,,03/02/2023,CP-EDPC2022-004/DISPAC/EDPC/01%2F02%2F2023/31%2F12%2F2026,1,CP-EDPC2022-004-PROD03,43.92,25.68,302.3,01/02/2023,31/12/2032,"Suministro de energía y potencia para el producto 1 despacho FNCER vigencia 2023-2032, producto 2 y 3 despacho de energía y potencia vigencias 2023-2025"
24,CP-EDPC2022-004,EDPC,DISPAC,25/10/2022,01/02/2023 al 31/12/2032,25/10/2022,17/11/2022,19/12/2022,28/12/2022,18/01/2023,Cerrada y adjudicada,,,,03/02/2023,CP-EDPC2022-004/DISPAC/EDPC/01%2F02%2F2023/31%2F12%2F2026,1,CP-EDPC2022-004-PROD04,43.8,43.8,290.22,01/02/2023,31/12/2032,"Suministro de energía y potencia para el producto 1 despacho FNCER vigencia 2023-2032, producto 2 y 3 despacho de energía y potencia vigencias 2023-2025"
25,CP-EDPC2022-004,EDPC,DISPAC,25/10/2022,01/02/2023 al 31/12/2032,25/10/2022,17/11/2022,19/12/2022,28/12/2022,18/01/2023,Cerrada y adjudicada,,,,03/02/2023,CP-EDPC2022-004/DISPAC/EDPC/01%2F02%2F2023/31%2F12%2F2026,1,CP-EDPC2022-004-PROD05,33.47,0.0,0.0,01/02/2023,31/12/2032,"Suministro de energía y potencia para el producto 1 despacho FNCER vigencia 2023-2032, producto 2 y 3 despacho de energía y potencia vigencias 2023-2025"
26,CP-EDPC2022-004,EDPC,DISPAC,25/10/2022,01/02/2023 al 31/12/2032,25/10/2022,17/11/2022,19/12/2022,28/12/2022,18/01/2023,Cerrada y adjudicada,,,,03/02/2023,CP-EDPC2022-004/DISPAC/EDPC/01%2F02%2F2023/31%2F12%2F2026,1,CP-EDPC2022-004-PROD06,36.31,0.0,0.0,01/02/2023,31/12/2032,"Suministro de energía y potencia para el producto 1 despacho FNCER vigencia 2023-2032, producto 2 y 3 despacho de energía y potencia vigencias 2023-2025"
27,CP-EDPC2022-004,EDPC,DISPAC,25/10/2022,01/02/2023 al 31/12/2032,25/10/2022,17/11/2022,19/12/2022,28/12/2022,18/01/2023,Cerrada y adjudicada,,,,03/02/2023,CP-EDPC2022-004/DISPAC/EDPC/01%2F02%2F2023/31%2F12%2F2026,1,CP-EDPC2022-004-PROD07,36.82,0.0,0.0,01/02/2023,31/12/2032,"Suministro de energía y potencia para el producto 1 despacho FNCER vigencia 2023-2032, producto 2 y 3 despacho de energía y potencia vigencias 2023-2025"
28,CP-CASC2022-002,CASC,ENERCA,28/09/2022,01/01/2023 al 31/12/2032,28/09/2022,11/10/2022,10/11/2022,24/11/2022,14/12/2022,Cerrada y adjudicada,,,,10/01/2023,CP-CASC2022-002/ENERCA/CASC/01%2F02%2F2023/31%2F12%2F2026,1,CP-CASC2022-002-PROD01,15320.66,0.0,0.0,01/01/2023,31/12/2032,"La EMPRESA DE ENERGIA DE CASANARE S.A. E.S.P., invita a los interesados a presentar oferta para el suministro de energía y potencia eléctrica entre el periodo comprendido entre el 01 de enero de 2023 al 31 de Diciembre de 2032. Teniendo en cuenta los productos que se definen en este pliego."
29,CP-CASC2022-002,CASC,ENERCA,28/09/2022,01/01/2023 al 31/12/2032,28/09/2022,11/10/2022,10/11/2022,24/11/2022,14/12/2022,Cerrada y adjudicada,,,,10/01/2023,CP-CASC2022-002/ENERCA/CASC/01%2F02%2F2023/31%2F12%2F2026,1,CP-CASC2022-002-PROD02,675.12,675.12,295.3,01/01/2023,31/12/2032,"La EMPRESA DE ENERGIA DE CASANARE S.A. E.S.P., invita a los interesados a presentar oferta para el suministro de energía y potencia eléctrica entre el periodo comprendido entre el 01 de enero de 2023 al 31 de Diciembre de 2032. Teniendo en cuenta los productos que se definen en este pliego."
30,CP-CASC2022-002,CASC,ENERCA,28/09/2022,01/01/2023 al 31/12/2032,28/09/2022,11/10/2022,10/11/2022,24/11/2022,14/12/2022,Cerrada y adjudicada,,,,10/01/2023,CP-CASC2022-002/ENERCA/CASC/01%2F02%2F2023/31%2F12%2F2026,1,CP-CASC2022-002-PROD03,937.43,820.26,239.02,01/01/2023,31/12/2032,"La EMPRESA DE ENERGIA DE CASANARE S.A. E.S.P., invita a los interesados a presentar oferta para el suministro de energía y potencia eléctrica entre el periodo comprendido entre el 01 de enero de 2023 al 31 de Diciembre de 2032. Teniendo en cuenta los productos que se definen en este pliego."
31,CP-CASC2022-002,CASC,ENERCA,28/09/2022,01/01/2023 al 31/12/2032,28/09/2022,11/10/2022,10/11/2022,24/11/2022,14/12/2022,Cerrada y adjudicada,,,,10/01/2023,CP-CASC2022-002/ENERCA/CASC/01%2F02%2F2023/31%2F12%2F2026,1,CP-CASC2022-002-PROD04,181.44,181.44,250.79,01/01/2023,31/12/2032,"La EMPRESA DE ENERGIA DE CASANARE S.A. E.S.P., invita a los interesados a presentar oferta para el suministro de energía y potencia eléctrica entre el periodo comprendido entre el 01 de enero de 2023 al 31 de Diciembre de 2032. Teniendo en cuenta los productos que se definen en este pliego."
32,CP-EMIC2022-002,EMIC,EMCALI,07/09/2022,01/01/2023 al 31/12/2036,08/09/2022,29/09/2022,29/10/2022,11/11/2022,05/12/2022,Cerrada y adjudicada,,,,02/01/2023,CP-EMIC2022-002/EMCALI/EMIC/01%2F02%2F2023/31%2F12%2F2026,1,CP-EMIC2022-002-PROD01,1680.0,253.64,270.0,01/01/2023,31/12/2036,"EMCALI EICE ESP, requiere el suministro de energía eléctrica y potencia para atender la demanda del mercado regulado, en el periodo comprendido entre el 1 de enero del 2023 al 31 de diciembre del 2036."
33,CP-EMIC2022-002,EMIC,EMCALI,07/09/2022,01/01/2023 al 31/12/2036,08/09/2022,29/09/2022,29/10/2022,11/11/2022,05/12/2022,Cerrada y adjudicada,,,,02/01/2023,CP-EMIC2022-002/EMCALI/EMIC/01%2F02%2F2023/31%2F12%2F2026,1,CP-EMIC2022-002-PROD02,203.32,0.0,0.0,01/01/2023,31/12/2036,"EMCALI EICE ESP, requiere el suministro de energía eléctrica y potencia para atender la demanda del mercado regulado, en el periodo comprendido entre el 1 de enero del 2023 al 31 de diciembre del 2036."
34,CP-EMIC2022-002,EMIC,EMCALI,07/09/2022,01/01/2023 al 31/12/2036,08/09/2022,29/09/2022,29/10/2022,11/11/2022,05/12/2022,Cerrada y adjudicada,,,,02/01/2023,CP-EMIC2022-002/EMCALI/EMIC/01%2F02%2F2023/31%2F12%2F2026,1,CP-EMIC2022-002-PROD03,288.17,0.0,0.0,01/01/2023,31/12/2036,"EMCALI EICE ESP, requiere el suministro de energía eléctrica y potencia para atender la demanda del mercado regulado, en el periodo comprendido entre el 1 de enero del 2023 al 31 de diciembre del 2036."
35,CP-EMIC2022-002,EMIC,EMCALI,07/09/2022,01/01/2023 al 31/12/2036,08/09/2022,29/09/2022,29/10/2022,11/11/2022,05/12/2022,Cerrada y adjudicada,,,,02/01/2023,CP-EMIC2022-002/EMCALI/EMIC/01%2F02%2F2023/31%2F12%2F2026,1,CP-EMIC2022-002-PROD04,200.0,0.0,0.0,01/01/2023,31/12/2036,"EMCALI EICE ESP, requiere el suministro de energía eléctrica y potencia para atender la demanda del mercado regulado, en el periodo comprendido entre el 1 de enero del 2023 al 31 de diciembre del 2036."
36,CP-EMIC2022-002,EMIC,EMCALI,07/09/2022,01/01/2023 al 31/12/2036,08/09/2022,29/09/2022,29/10/2022,11/11/2022,05/12/2022,Cerrada y adjudicada,,,,02/01/2023,CP-EMIC2022-002/EMCALI/EMIC/01%2F02%2F2023/31%2F12%2F2026,1,CP-EMIC2022-002-PROD05,300.0,90.0,264.67,01/01/2023,31/12/2036,"EMCALI EICE ESP, requiere el suministro de energía eléctrica y potencia para atender la demanda del mercado regulado, en el periodo comprendido entre el 1 de enero del 2023 al 31 de diciembre del 2036."
37,CP-EDQC2022-002,EDQC,EDEQ,02/09/2022,01/01/2023 al 31/12/2023,05/09/2022,30/09/2022,02/11/2022,17/11/2022,07/12/2022,Cerrada y adjudicada,26/09/2022,,,20/12/2022,CP-EDQC2022-002/EDEQ/EDQC/01%2F02%2F2023/31%2F12%2F2026,1,CP-EDQC2022-002-PROD01,25.9,25.9,281.5,01/01/2023,31/12/2023,"EDEQ S.A. ESP invita a los interesados a presentar oferta(s) mercantil(es) para el suministro de energía y potencia eléctricas requerida para atender el mercado regulado, para el período comprendido entre el 01 de enero de 2023 y el 31 de diciembre de 2023."
38,CP-EPTC2022-002,EPTC,PUTUMAYO,26/08/2022,01/01/2023 al 31/12/2023,26/08/2022,16/09/2022,14/10/2022,27/10/2022,17/11/2022,Cerrada y adjudicada,,,,22/11/2022,CP-EPTC2022-002/PUTUMAYO/EPTC/01%2F02%2F2023/31%2F12%2F2026,1,CP-EPTC2022-002-PROD01,46.58,36.9,312.0,01/01/2023,31/12/2023,"EMPRESA DE ENERGIA DEL PUTUMAYO S.A E.S.P., solicita propuesta para contratar el suministro de energía y potencia para atender su Mercado Regulado. Se recibirán ofertas en la modalidad pague lo contratado , a partir del 1 de enero de 2023 al 31 de diciembre de 2023."
39,CP-EEPC2022-002,EEPC,EEP,19/08/2022,01/01/2023 al 31/12/2037,19/08/2022,09/09/2022,07/10/2022,21/10/2022,11/11/2022,Cerrada y adjudicada,,,,15/11/2022,CP-EEPC2022-002/EEP/EEPC/01%2F02%2F2023/31%2F12%2F2026,1,CP-EEPC2022-002-PROD01,,,,01/01/2023,31/12/2037,"EMPRESA DE ENERGÍA DE PEREIRA S.A. ESP., está interesada en recibir ofertas para la venta o suministro de energía eléctrica para el período comprendido entre el 01 de enero del año 2023 al 31 de diciembre del año 2037, con el objetivo de abastecer la demanda comercial de energía de su Mercado Regulado."
40,CP-EEPC2022-002,EEPC,EEP,19/08/2022,01/01/2023 al 31/12/2037,19/08/2022,09/09/2022,07/10/2022,21/10/2022,11/11/2022,Cerrada y adjudicada,,,,15/11/2022,CP-EEPC2022-002/EEP/EEPC/01%2F02%2F2023/31%2F12%2F2026,1,CP-EEPC2022-002-PROD02,,,,01/01/2023,31/12/2037,"EMPRESA DE ENERGÍA DE PEREIRA S.A. ESP., está interesada en recibir ofertas para la venta o suministro de energía eléctrica para el período comprendido entre el 01 de enero del año 2023 al 31 de diciembre del año 2037, con el objetivo de abastecer la demanda comercial de energía de su Mercado Regulado."
41,CP-EEPC2022-002,EEPC,EEP,19/08/2022,01/01/2023 al 31/12/2037,19/08/2022,09/09/2022,07/10/2022,21/10/2022,11/11/2022,Cerrada y adjudicada,,,,15/11/2022,CP-EEPC2022-002/EEP/EEPC/01%2F02%2F2023/31%2F12%2F2026,1,CP-EEPC2022-002-PROD03,414.21,414.21,248.45,01/01/2023,31/12/2037,"EMPRESA DE ENERGÍA DE PEREIRA S.A. ESP., está interesada en recibir ofertas para la venta o suministro de energía eléctrica para el período comprendido entre el 01 de enero del año 2023 al 31 de diciembre del año 2037, con el objetivo de abastecer la demanda comercial de energía de su Mercado Regulado."
42,CP-RTQC2022-003,RTQC,RUITOQUE,19/08/2022,01/01/2023 al 31/12/2027,22/08/2022,12/09/2022,24/10/2022,03/11/2022,28/11/2022,Cerrada y adjudicada,06/10/2022,,,13/12/2022,CP-RTQC2022-003/RUITOQUE/RTQC/01%2F02%2F2023/31%2F12%2F2026,1,CP-RTQC2022-003-PROD01,57.84,57.84,264.33,01/01/2023,31/12/2027,RUITOQUE S.A E.S.P. requiere contratar el suministro de energía para atender su demanda regulada durante el periodo comprendido entre el 01 de enero de 2023 al 31 de diciembre de 2027.
43,CP-RTQC2022-003,RTQC,RUITOQUE,19/08/2022,01/01/2023 al 31/12/2027,22/08/2022,12/09/2022,24/10/2022,03/11/2022,28/11/2022,Cerrada y adjudicada,06/10/2022,,,13/12/2022,CP-RTQC2022-003/RUITOQUE/RTQC/01%2F02%2F2023/31%2F12%2F2026,1,CP-RTQC2022-003-PROD02,23.7,8.5,275.31,01/01/2023,31/12/2027,RUITOQUE S.A E.S.P. requiere contratar el suministro de energía para atender su demanda regulada durante el periodo comprendido entre el 01 de enero de 2023 al 31 de diciembre de 2027.
44,CP-EPMC2022-002,EPMC,EPM,19/08/2022,01/01/2023 al 31/12/2028,24/08/2022,28/09/2022,27/10/2022,10/11/2022,02/12/2022,Cerrada y adjudicada,14/09/2022,,,19/12/2022,CP-EPMC2022-002/EPM/EPMC/01%2F02%2F2023/31%2F12%2F2026,1,CP-EPMC2022-002-PROD01,,,,01/01/2023,31/12/2028,"Recibir propuestas para el suministro de energía y potencia eléctricas requeridas para atender el mercado regulado de Empresas Públicas de Medellín E.S.P., incluyendo las pérdidas correspondientes en el Sistema de Transmisión Nacional, para el período 1 de enero de 2023 al 31 de diciembre de 2028."
45,CP-EPMC2022-002,EPMC,EPM,19/08/2022,01/01/2023 al 31/12/2028,24/08/2022,28/09/2022,27/10/2022,10/11/2022,02/12/2022,Cerrada y adjudicada,14/09/2022,,,19/12/2022,CP-EPMC2022-002/EPM/EPMC/01%2F02%2F2023/31%2F12%2F2026,1,CP-EPMC2022-002-PROD02,,,,01/01/2023,31/12/2028,"Recibir propuestas para el suministro de energía y potencia eléctricas requeridas para atender el mercado regulado de Empresas Públicas de Medellín E.S.P., incluyendo las pérdidas correspondientes en el Sistema de Transmisión Nacional, para el período 1 de enero de 2023 al 31 de diciembre de 2028."
46,CP-EPMC2022-002,EPMC,EPM,19/08/2022,01/01/2023 al 31/12/2028,24/08/2022,28/09/2022,27/10/2022,10/11/2022,02/12/2022,Cerrada y adjudicada,14/09/2022,,,19/12/2022,CP-EPMC2022-002/EPM/EPMC/01%2F02%2F2023/31%2F12%2F2026,1,CP-EPMC2022-002-PROD03,,,,01/01/2023,31/12/2028,"Recibir propuestas para el suministro de energía y potencia eléctricas requeridas para atender el mercado regulado de Empresas Públicas de Medellín E.S.P., incluyendo las pérdidas correspondientes en el Sistema de Transmisión Nacional, para el período 1 de enero de 2023 al 31 de diciembre de 2028."
47,CP-EPMC2022-002,EPMC,EPM,19/08/2022,01/01/2023 al 31/12/2028,24/08/2022,28/09/2022,27/10/2022,10/11/2022,02/12/2022,Cerrada y adjudicada,14/09/2022,,,19/12/2022,CP-EPMC2022-002/EPM/EPMC/01%2F02%2F2023/31%2F12%2F2026,1,CP-EPMC2022-002-PROD04,796.32,712.88,252.21,01/01/2023,31/12/2028,"Recibir propuestas para el suministro de energía y potencia eléctricas requeridas para atender el mercado regulado de Empresas Públicas de Medellín E.S.P., incluyendo las pérdidas correspondientes en el Sistema de Transmisión Nacional, para el período 1 de enero de 2023 al 31 de diciembre de 2028."
48,CP-EPMC2022-002,EPMC,EPM,19/08/2022,01/01/2023 al 31/12/2028,24/08/2022,28/09/2022,27/10/2022,10/11/2022,02/12/2022,Cerrada y adjudicada,14/09/2022,,,19/12/2022,CP-EPMC2022-002/EPM/EPMC/01%2F02%2F2023/31%2F12%2F2026,1,CP-EPMC2022-002-PROD05,813.95,638.38,245.76,01/01/2023,31/12/2028,"Recibir propuestas para el suministro de energía y potencia eléctricas requeridas para atender el mercado regulado de Empresas Públicas de Medellín E.S.P., incluyendo las pérdidas correspondientes en el Sistema de Transmisión Nacional, para el período 1 de enero de 2023 al 31 de diciembre de 2028."
49,CP-EPMC2022-002,EPMC,EPM,19/08/2022,01/01/2023 al 31/12/2028,24/08/2022,28/09/2022,27/10/2022,10/11/2022,02/12/2022,Cerrada y adjudicada,14/09/2022,,,19/12/2022,CP-EPMC2022-002/EPM/EPMC/01%2F02%2F2023/31%2F12%2F2026,1,CP-EPMC2022-002-PROD06,831.53,801.7,237.87,01/01/2023,31/12/2028,"Recibir propuestas para el suministro de energía y potencia eléctricas requeridas para atender el mercado regulado de Empresas Públicas de Medellín E.S.P., incluyendo las pérdidas correspondientes en el Sistema de Transmisión Nacional, para el período 1 de enero de 2023 al 31 de diciembre de 2028."
50,CP-GNCC2022-002,GNCC,VATIA,19/08/2022,01/01/2023 al 31/12/2025,23/08/2022,08/09/2022,27/10/2022,10/11/2022,02/12/2022,Cerrada y adjudicada,03/10/2022,,,06/12/2022,CP-GNCC2022-002/VATIA/GNCC/01%2F02%2F2023/31%2F12%2F2026,1,CP-GNCC2022-002-PROD01,338.1,327.9,278.38,01/01/2023,31/12/2025,VATIA S.A E.S.P. -VATIA- está interesada en recibir ofertas para la contratación del suministro de energía eléctrica con destino a atender la demanda del mercado regulado en el periodo comprendido desde las 00:00 horas del día 1 de enero de 2023 hasta las 24:00 del día 31 de diciembre de 2025.
51,CP-GNCC2022-002,GNCC,VATIA,19/08/2022,01/01/2023 al 31/12/2025,23/08/2022,08/09/2022,27/10/2022,10/11/2022,02/12/2022,Cerrada y adjudicada,03/10/2022,,,06/12/2022,CP-GNCC2022-002/VATIA/GNCC/01%2F02%2F2023/31%2F12%2F2026,1,CP-GNCC2022-002-PROD02,191.3,191.3,282.0,01/01/2023,31/12/2025,VATIA S.A E.S.P. -VATIA- está interesada en recibir ofertas para la contratación del suministro de energía eléctrica con destino a atender la demanda del mercado regulado en el periodo comprendido desde las 00:00 horas del día 1 de enero de 2023 hasta las 24:00 del día 31 de diciembre de 2025.
52,CP-GNCC2022-002,GNCC,VATIA,19/08/2022,01/01/2023 al 31/12/2025,23/08/2022,08/09/2022,27/10/2022,10/11/2022,02/12/2022,Cerrada y adjudicada,03/10/2022,,,06/12/2022,CP-GNCC2022-002/VATIA/GNCC/01%2F02%2F2023/31%2F12%2F2026,1,CP-GNCC2022-002-PROD03,285.4,285.4,280.91,01/01/2023,31/12/2025,VATIA S.A E.S.P. -VATIA- está interesada en recibir ofertas para la contratación del suministro de energía eléctrica con destino a atender la demanda del mercado regulado en el periodo comprendido desde las 00:00 horas del día 1 de enero de 2023 hasta las 24:00 del día 31 de diciembre de 2025.
53,CP-BIAC2022-001,BIAC,BIAE,08/08/2022,01/11/2022 al 31/12/2027,08/08/2022,16/08/2022,13/09/2022,23/09/2022,10/10/2022,Cerrada y adjudicada,,,,18/10/2022,CP-BIAC2022-001/BIAE/BIAC/01%2F02%2F2023/31%2F12%2F2026,1,CP-BIAC2022-001-PROD01,2.95,0.0,0.0,01/11/2022,31/12/2027,BIA ENERGY S.A.S. E.S.P. invita a presentar ofertas de energía para atender parte de la demanda de su mercado regulado durante el periodo comprendido entre el 1 de noviembre de 2022 al 31 de diciembre de 2027.
54,CP-BIAC2022-001,BIAC,BIAE,08/08/2022,01/11/2022 al 31/12/2027,08/08/2022,16/08/2022,13/09/2022,23/09/2022,10/10/2022,Cerrada y adjudicada,,,,18/10/2022,CP-BIAC2022-001/BIAE/BIAC/01%2F02%2F2023/31%2F12%2F2026,1,CP-BIAC2022-001-PROD02,17.66,0.0,0.0,01/11/2022,31/12/2027,BIA ENERGY S.A.S. E.S.P. invita a presentar ofertas de energía para atender parte de la demanda de su mercado regulado durante el periodo comprendido entre el 1 de noviembre de 2022 al 31 de diciembre de 2027.
55,CP-BIAC2022-001,BIAC,BIAE,08/08/2022,01/11/2022 al 31/12/2027,08/08/2022,16/08/2022,13/09/2022,23/09/2022,10/10/2022,Cerrada y adjudicada,,,,18/10/2022,CP-BIAC2022-001/BIAE/BIAC/01%2F02%2F2023/31%2F12%2F2026,1,CP-BIAC2022-001-PROD03,48.73,0.0,0.0,01/11/2022,31/12/2027,BIA ENERGY S.A.S. E.S.P. invita a presentar ofertas de energía para atender parte de la demanda de su mercado regulado durante el periodo comprendido entre el 1 de noviembre de 2022 al 31 de diciembre de 2027.
56,CP-BIAC2022-001,BIAC,BIAE,08/08/2022,01/11/2022 al 31/12/2027,08/08/2022,16/08/2022,13/09/2022,23/09/2022,10/10/2022,Cerrada y adjudicada,,,,18/10/2022,CP-BIAC2022-001/BIAE/BIAC/01%2F02%2F2023/31%2F12%2F2026,1,CP-BIAC2022-001-PROD04,365.2,306.8,294.15,01/11/2022,31/12/2027,BIA ENERGY S.A.S. E.S.P. invita a presentar ofertas de energía para atender parte de la demanda de su mercado regulado durante el periodo comprendido entre el 1 de noviembre de 2022 al 31 de diciembre de 2027.
57,CP-NEUC2022-008,NEUC,NEU,04/08/2022,01/10/2022 al 31/12/2022,04/08/2022,05/08/2022,05/09/2022,16/09/2022,16/09/2022,Cerrada y adjudicada,,,,10/10/2022,CP-NEUC2022-008/NEU/NEUC/01%2F02%2F2023/31%2F12%2F2026,1,CP-NEUC2022-008-PROD01,17.71,17.71,292.25,01/10/2022,31/12/2022,"contratar el suministro de la energía eléctrica para atender parte de su mercado regulado para el período comprendido entre el 1 de octubre de 2022, o a partir de la fecha en que efectivamente el contrato quede registrado ante el ASIC, y el 31 de diciembre de 2022"
58,CP-GAPC2022-001,GAPC,GAP ENERGY,03/08/2022,01/01/2023 al 31/12/2032,08/08/2022,29/08/2022,28/09/2022,07/10/2022,31/10/2022,Cerrada y adjudicada,,,,16/12/2022,CP-GAPC2022-001/GAP ENERGY/GAPC/01%2F02%2F2023/31%2F12%2F2026,1,CP-GAPC2022-001-PROD01,65.0,65.0,248.99,01/01/2023,31/12/2032,"La empresa comercializadora GAP ENERGY GROUP SAS ESP invita a los interesados a presentar oferta mercantil para el suministro de energía entre el 1 de enero de 2023 al 31 de diciembre de 2032, para atender su mercado no regulado"
59,CP-EXEC2022-001,EXEC,exenergy,03/08/2022,01/11/2022 al 31/12/2032,09/08/2022,24/08/2022,21/09/2022,30/09/2022,11/10/2022,Cerrada y adjudicada,,,,14/10/2022,CP-EXEC2022-001/exenergy/EXEC/01%2F02%2F2023/31%2F12%2F2026,1,CP-EXEC2022-001-PROD01,338.0,338.0,266.94,01/11/2022,31/12/2032,Suministro de energía desde noviembre del 2022 a diciembre del 2032 y Producto pague lo demandado desde NOV-2022 hasta DIC-2027 y pague lo contratado desde ENE-2028 hasta DIC-2032 por un total de 2333 GWh por todo el contrato.
60,CP-EXEC2022-001,EXEC,exenergy,03/08/2022,01/11/2022 al 31/12/2032,09/08/2022,24/08/2022,21/09/2022,30/09/2022,11/10/2022,Cerrada y adjudicada,,,,14/10/2022,CP-EXEC2022-001/exenergy/EXEC/01%2F02%2F2023/31%2F12%2F2026,1,CP-EXEC2022-001-PROD02,1008.0,1008.0,237.74,01/11/2022,31/12/2032,Suministro de energía desde noviembre del 2022 a diciembre del 2032 y Producto pague lo demandado desde NOV-2022 hasta DIC-2027 y pague lo contratado desde ENE-2028 hasta DIC-2032 por un total de 2333 GWh por todo el contrato.
61,CP-CMMC2022-002,CMMC,CARIBEMAR,26/07/2022,01/11/2022 al 31/12/2032,26/07/2022,10/08/2022,08/09/2022,21/09/2022,27/09/2022,Cerrada y adjudicada,,,,13/10/2022,CP-CMMC2022-002/CARIBEMAR/CMMC/01%2F02%2F2023/31%2F12%2F2026,1,CP-CMMC2022-002-PROD01,105.0,0.0,0.0,01/11/2022,31/12/2032,CARIBEMAR DE LA COSTA solicita energía para atender parte de la demanda de su mercado regulado durante el periodo comprendido entre el 1 de noviembre de 2022 al 31 de diciembre de 2032.
62,CP-CMMC2022-002,CMMC,CARIBEMAR,26/07/2022,01/11/2022 al 31/12/2032,26/07/2022,10/08/2022,08/09/2022,21/09/2022,27/09/2022,Cerrada y adjudicada,,,,13/10/2022,CP-CMMC2022-002/CARIBEMAR/CMMC/01%2F02%2F2023/31%2F12%2F2026,1,CP-CMMC2022-002-PROD02,3857.0,3857.0,249.11,01/11/2022,31/12/2032,CARIBEMAR DE LA COSTA solicita energía para atender parte de la demanda de su mercado regulado durante el periodo comprendido entre el 1 de noviembre de 2022 al 31 de diciembre de 2032.
63,CP-CMMC2022-002,CMMC,CARIBEMAR,26/07/2022,01/11/2022 al 31/12/2032,26/07/2022,10/08/2022,08/09/2022,21/09/2022,27/09/2022,Cerrada y adjudicada,,,,13/10/2022,CP-CMMC2022-002/CARIBEMAR/CMMC/01%2F02%2F2023/31%2F12%2F2026,1,CP-CMMC2022-002-PROD03,4580.0,0.0,0.0,01/11/2022,31/12/2032,CARIBEMAR DE LA COSTA solicita energía para atender parte de la demanda de su mercado regulado durante el periodo comprendido entre el 1 de noviembre de 2022 al 31 de diciembre de 2032.
64,CP-CMMC2022-002,CMMC,CARIBEMAR,26/07/2022,01/11/2022 al 31/12/2032,26/07/2022,10/08/2022,08/09/2022,21/09/2022,27/09/2022,Cerrada y adjudicada,,,,13/10/2022,CP-CMMC2022-002/CARIBEMAR/CMMC/01%2F02%2F2023/31%2F12%2F2026,1,CP-CMMC2022-002-PROD04,2314.0,0.0,0.0,01/11/2022,31/12/2032,CARIBEMAR DE LA COSTA solicita energía para atender parte de la demanda de su mercado regulado durante el periodo comprendido entre el 1 de noviembre de 2022 al 31 de diciembre de 2032.
65,CP-CMMC2022-002,CMMC,CARIBEMAR,26/07/2022,01/11/2022 al 31/12/2032,26/07/2022,10/08/2022,08/09/2022,21/09/2022,27/09/2022,Cerrada y adjudicada,,,,13/10/2022,CP-CMMC2022-002/CARIBEMAR/CMMC/01%2F02%2F2023/31%2F12%2F2026,1,CP-CMMC2022-002-PROD05,2506.0,0.0,0.0,01/11/2022,31/12/2032,CARIBEMAR DE LA COSTA solicita energía para atender parte de la demanda de su mercado regulado durante el periodo comprendido entre el 1 de noviembre de 2022 al 31 de diciembre de 2032.
66,CP-CMMC2022-002,CMMC,CARIBEMAR,26/07/2022,01/11/2022 al 31/12/2032,26/07/2022,10/08/2022,08/09/2022,21/09/2022,27/09/2022,Cerrada y adjudicada,,,,13/10/2022,CP-CMMC2022-002/CARIBEMAR/CMMC/01%2F02%2F2023/31%2F12%2F2026,1,CP-CMMC2022-002-PROD06,2314.0,0.0,0.0,01/11/2022,31/12/2032,CARIBEMAR DE LA COSTA solicita energía para atender parte de la demanda de su mercado regulado durante el periodo comprendido entre el 1 de noviembre de 2022 al 31 de diciembre de 2032.
67,CP-CMMC2022-002,CMMC,CARIBEMAR,26/07/2022,01/11/2022 al 31/12/2032,26/07/2022,10/08/2022,08/09/2022,21/09/2022,27/09/2022,Cerrada y adjudicada,,,,13/10/2022,CP-CMMC2022-002/CARIBEMAR/CMMC/01%2F02%2F2023/31%2F12%2F2026,1,CP-CMMC2022-002-PROD07,2055.0,0.0,0.0,01/11/2022,31/12/2032,CARIBEMAR DE LA COSTA solicita energía para atender parte de la demanda de su mercado regulado durante el periodo comprendido entre el 1 de noviembre de 2022 al 31 de diciembre de 2032.
68,CP-CNSC2022-002,CNSC,CENS,18/07/2022,01/01/2023 al 31/12/2032,19/07/2022,10/08/2022,08/09/2022,21/09/2022,11/10/2022,Cerrada y adjudicada,,,,01/11/2022,CP-CNSC2022-002/CENS/CNSC/01%2F02%2F2023/31%2F12%2F2026,1,CP-CNSC2022-002-PROD01,391.28,0.0,0.0,01/01/2023,31/12/2032,"RECIBIR PROPUESTAS PARA EL SUMINISTRO DE ENERGÍA Y POTENCIA ELÉCTRICA REQUERIDAS PARA ATENDER EL MERCADO REGULADO CENS, MODALIDAD PAGUE LO CONTRATADO, PARA LA VIGENCIA DEL 1 DE ENERO 2023 AL 31 DE DICIEMBRE DE 2032. EL PRODUCTO 1 ES EXLUSIVO FNCER (PND Y RESOLUCIONES MME 4 0715-2019 Y 40060-2021)"
69,CP-CNSC2022-002,CNSC,CENS,18/07/2022,01/01/2023 al 31/12/2032,19/07/2022,10/08/2022,08/09/2022,21/09/2022,11/10/2022,Cerrada y adjudicada,,,,01/11/2022,CP-CNSC2022-002/CENS/CNSC/01%2F02%2F2023/31%2F12%2F2026,1,CP-CNSC2022-002-PROD02,82.94,0.0,0.0,01/01/2023,31/12/2032,"RECIBIR PROPUESTAS PARA EL SUMINISTRO DE ENERGÍA Y POTENCIA ELÉCTRICA REQUERIDAS PARA ATENDER EL MERCADO REGULADO CENS, MODALIDAD PAGUE LO CONTRATADO, PARA LA VIGENCIA DEL 1 DE ENERO 2023 AL 31 DE DICIEMBRE DE 2032. EL PRODUCTO 1 ES EXLUSIVO FNCER (PND Y RESOLUCIONES MME 4 0715-2019 Y 40060-2021)"
70,CP-CNSC2022-002,CNSC,CENS,18/07/2022,01/01/2023 al 31/12/2032,19/07/2022,10/08/2022,08/09/2022,21/09/2022,11/10/2022,Cerrada y adjudicada,,,,01/11/2022,CP-CNSC2022-002/CENS/CNSC/01%2F02%2F2023/31%2F12%2F2026,1,CP-CNSC2022-002-PROD03,47.49,0.0,0.0,01/01/2023,31/12/2032,"RECIBIR PROPUESTAS PARA EL SUMINISTRO DE ENERGÍA Y POTENCIA ELÉCTRICA REQUERIDAS PARA ATENDER EL MERCADO REGULADO CENS, MODALIDAD PAGUE LO CONTRATADO, PARA LA VIGENCIA DEL 1 DE ENERO 2023 AL 31 DE DICIEMBRE DE 2032. EL PRODUCTO 1 ES EXLUSIVO FNCER (PND Y RESOLUCIONES MME 4 0715-2019 Y 40060-2021)"
71,CP-CNSC2022-002,CNSC,CENS,18/07/2022,01/01/2023 al 31/12/2032,19/07/2022,10/08/2022,08/09/2022,21/09/2022,11/10/2022,Cerrada y adjudicada,,,,01/11/2022,CP-CNSC2022-002/CENS/CNSC/01%2F02%2F2023/31%2F12%2F2026,1,CP-CNSC2022-002-PROD04,431.61,0.0,0.0,01/01/2023,31/12/2032,"RECIBIR PROPUESTAS PARA EL SUMINISTRO DE ENERGÍA Y POTENCIA ELÉCTRICA REQUERIDAS PARA ATENDER EL MERCADO REGULADO CENS, MODALIDAD PAGUE LO CONTRATADO, PARA LA VIGENCIA DEL 1 DE ENERO 2023 AL 31 DE DICIEMBRE DE 2032. EL PRODUCTO 1 ES EXLUSIVO FNCER (PND Y RESOLUCIONES MME 4 0715-2019 Y 40060-2021)"
72,CP-CNSC2022-002,CNSC,CENS,18/07/2022,01/01/2023 al 31/12/2032,19/07/2022,10/08/2022,08/09/2022,21/09/2022,11/10/2022,Cerrada y adjudicada,,,,01/11/2022,CP-CNSC2022-002/CENS/CNSC/01%2F02%2F2023/31%2F12%2F2026,1,CP-CNSC2022-002-PROD05,545.39,545.39,248.73,01/01/2023,31/12/2032,"RECIBIR PROPUESTAS PARA EL SUMINISTRO DE ENERGÍA Y POTENCIA ELÉCTRICA REQUERIDAS PARA ATENDER EL MERCADO REGULADO CENS, MODALIDAD PAGUE LO CONTRATADO, PARA LA VIGENCIA DEL 1 DE ENERO 2023 AL 31 DE DICIEMBRE DE 2032. EL PRODUCTO 1 ES EXLUSIVO FNCER (PND Y RESOLUCIONES MME 4 0715-2019 Y 40060-2021)"
73,CP-CETC2022-001,CETC,CETSA,23/06/2022,01/01/2025 al 31/12/2027,24/06/2022,19/07/2022,18/08/2022,30/08/2022,15/09/2022,Cerrada y adjudicada,,,,03/10/2022,CP-CETC2022-001/CETSA/CETC/01%2F02%2F2023/31%2F12%2F2026,1,CP-CETC2022-001-PROD01,28.86,28.86,259.93,01/01/2025,31/12/2027,Contratar energía con destino al mercado regulado de COMPANIA DE ELECTRICIDAD DE TULUA S.A. E.S.P. para el periodo 2025 - 2027
74,CP-CETC2022-001,CETC,CETSA,23/06/2022,01/01/2025 al 31/12/2027,24/06/2022,19/07/2022,18/08/2022,30/08/2022,15/09/2022,Cerrada y adjudicada,,,,03/10/2022,CP-CETC2022-001/CETSA/CETC/01%2F02%2F2023/31%2F12%2F2026,1,CP-CETC2022-001-PROD02,13.07,13.07,242.55,01/01/2025,31/12/2027,Contratar energía con destino al mercado regulado de COMPANIA DE ELECTRICIDAD DE TULUA S.A. E.S.P. para el periodo 2025 - 2027
75,CP-CETC2022-001,CETC,CETSA,23/06/2022,01/01/2025 al 31/12/2027,24/06/2022,19/07/2022,18/08/2022,30/08/2022,15/09/2022,Cerrada y adjudicada,,,,03/10/2022,CP-CETC2022-001/CETSA/CETC/01%2F02%2F2023/31%2F12%2F2026,1,CP-CETC2022-001-PROD03,35.75,35.75,237.21,01/01/2025,31/12/2027,Contratar energía con destino al mercado regulado de COMPANIA DE ELECTRICIDAD DE TULUA S.A. E.S.P. para el periodo 2025 - 2027
76,CP-EPSC2022-001,EPSC,CELSIA Colombia,15/06/2022,01/01/2025 al 31/12/2027,16/06/2022,12/07/2022,10/08/2022,23/08/2022,12/09/2022,Cerrada y adjudicada,,,,03/10/2022,CP-EPSC2022-001/CELSIA Colombia/EPSC/01%2F02%2F2023/31%2F12%2F2026,1,CP-EPSC2022-001-PROD01,211.63,0.0,0.0,01/01/2025,31/12/2027,"Suministro de energía y potencia eléctrica, en el período comprendido entre el 1 de enero del año 2025 al 31 de diciembre del año 2027 para atender su mercado regulado."
77,CP-EPSC2022-001,EPSC,CELSIA Colombia,15/06/2022,01/01/2025 al 31/12/2027,16/06/2022,12/07/2022,10/08/2022,23/08/2022,12/09/2022,Cerrada y adjudicada,,,,03/10/2022,CP-EPSC2022-001/CELSIA Colombia/EPSC/01%2F02%2F2023/31%2F12%2F2026,1,CP-EPSC2022-001-PROD02,213.73,213.74,243.93,01/01/2025,31/12/2027,"Suministro de energía y potencia eléctrica, en el período comprendido entre el 1 de enero del año 2025 al 31 de diciembre del año 2027 para atender su mercado regulado."
78,CP-EPSC2022-001,EPSC,CELSIA Colombia,15/06/2022,01/01/2025 al 31/12/2027,16/06/2022,12/07/2022,10/08/2022,23/08/2022,12/09/2022,Cerrada y adjudicada,,,,03/10/2022,CP-EPSC2022-001/CELSIA Colombia/EPSC/01%2F02%2F2023/31%2F12%2F2026,1,CP-EPSC2022-001-PROD03,422.28,422.28,236.72,01/01/2025,31/12/2027,"Suministro de energía y potencia eléctrica, en el período comprendido entre el 1 de enero del año 2025 al 31 de diciembre del año 2027 para atender su mercado regulado."
79,CP-ESSC2022-002,ESSC,ESSA,13/06/2022,01/01/2023 al 31/12/2030,14/06/2022,06/07/2022,04/08/2022,18/08/2022,06/09/2022,Cerrada y adjudicada,,,,22/09/2022,CP-ESSC2022-002/ESSA/ESSC/01%2F02%2F2023/31%2F12%2F2026,1,CP-ESSC2022-002-PROD01,132.76,0.0,0.0,01/01/2023,31/12/2030,"ESSA está interesada en recibir propuestas para el suministro de energía y potencia eléctrica requeridas para atender su mercado regulado, bajo la modalidad páguelo contratado, para el periodo del 1 de enero de 2023 al 31 de diciembre de 2030. Aplican todas las tecnologías incluidas FNCER."
80,CP-ESSC2022-002,ESSC,ESSA,13/06/2022,01/01/2023 al 31/12/2030,14/06/2022,06/07/2022,04/08/2022,18/08/2022,06/09/2022,Cerrada y adjudicada,,,,22/09/2022,CP-ESSC2022-002/ESSA/ESSC/01%2F02%2F2023/31%2F12%2F2026,1,CP-ESSC2022-002-PROD02,196.72,0.0,0.0,01/01/2023,31/12/2030,"ESSA está interesada en recibir propuestas para el suministro de energía y potencia eléctrica requeridas para atender su mercado regulado, bajo la modalidad páguelo contratado, para el periodo del 1 de enero de 2023 al 31 de diciembre de 2030. Aplican todas las tecnologías incluidas FNCER."
81,CP-ESSC2022-002,ESSC,ESSA,13/06/2022,01/01/2023 al 31/12/2030,14/06/2022,06/07/2022,04/08/2022,18/08/2022,06/09/2022,Cerrada y adjudicada,,,,22/09/2022,CP-ESSC2022-002/ESSA/ESSC/01%2F02%2F2023/31%2F12%2F2026,1,CP-ESSC2022-002-PROD03,313.11,0.0,0.0,01/01/2023,31/12/2030,"ESSA está interesada en recibir propuestas para el suministro de energía y potencia eléctrica requeridas para atender su mercado regulado, bajo la modalidad páguelo contratado, para el periodo del 1 de enero de 2023 al 31 de diciembre de 2030. Aplican todas las tecnologías incluidas FNCER."
82,CP-ESSC2022-002,ESSC,ESSA,13/06/2022,01/01/2023 al 31/12/2030,14/06/2022,06/07/2022,04/08/2022,18/08/2022,06/09/2022,Cerrada y adjudicada,,,,22/09/2022,CP-ESSC2022-002/ESSA/ESSC/01%2F02%2F2023/31%2F12%2F2026,1,CP-ESSC2022-002-PROD04,398.3,398.3,248.24,01/01/2023,31/12/2030,"ESSA está interesada en recibir propuestas para el suministro de energía y potencia eléctrica requeridas para atender su mercado regulado, bajo la modalidad páguelo contratado, para el periodo del 1 de enero de 2023 al 31 de diciembre de 2030. Aplican todas las tecnologías incluidas FNCER."
83,CP-ESSC2022-002,ESSC,ESSA,13/06/2022,01/01/2023 al 31/12/2030,14/06/2022,06/07/2022,04/08/2022,18/08/2022,06/09/2022,Cerrada y adjudicada,,,,22/09/2022,CP-ESSC2022-002/ESSA/ESSC/01%2F02%2F2023/31%2F12%2F2026,1,CP-ESSC2022-002-PROD05,407.29,0.0,0.0,01/01/2023,31/12/2030,"ESSA está interesada en recibir propuestas para el suministro de energía y potencia eléctrica requeridas para atender su mercado regulado, bajo la modalidad páguelo contratado, para el periodo del 1 de enero de 2023 al 31 de diciembre de 2030. Aplican todas las tecnologías incluidas FNCER."
84,CP-ESSC2022-002,ESSC,ESSA,13/06/2022,01/01/2023 al 31/12/2030,14/06/2022,06/07/2022,04/08/2022,18/08/2022,06/09/2022,Cerrada y adjudicada,,,,22/09/2022,CP-ESSC2022-002/ESSA/ESSC/01%2F02%2F2023/31%2F12%2F2026,1,CP-ESSC2022-002-PROD06,581.22,0.0,0.0,01/01/2023,31/12/2030,"ESSA está interesada en recibir propuestas para el suministro de energía y potencia eléctrica requeridas para atender su mercado regulado, bajo la modalidad páguelo contratado, para el periodo del 1 de enero de 2023 al 31 de diciembre de 2030. Aplican todas las tecnologías incluidas FNCER."
85,CP-PEEC2022-002,PEEC,PEESA,07/06/2022,18/08/2022 al 31/12/2023,07/06/2022,16/06/2022,19/07/2022,31/07/2022,02/08/2022,Cerrada y adjudicada,,,,03/08/2022,CP-PEEC2022-002/PEESA/PEEC/01%2F02%2F2023/31%2F12%2F2026,1,CP-PEEC2022-002-PROD01,101.0,101.0,357.0,18/08/2022,31/12/2023,"PROFESIONALES EN ENERGÍA S.A. E.S.P. PEESA está interesada en recibir ofertas para el suministro de energía y potencia eléctrica, en el período comprendido entre las 00:00 horas del 18 de Agosto de 2022 hasta las 24:00 horas del día 31 de diciembre del año 2023."
86,CP-CDNC2022-003,CDNC,CEDENAR,06/06/2022,01/01/2025 al 31/12/2026,06/06/2022,29/06/2022,29/07/2022,11/08/2022,02/09/2022,Cerrada y adjudicada,,,,06/09/2022,CP-CDNC2022-003/CEDENAR/CDNC/01%2F02%2F2023/31%2F12%2F2026,1,CP-CDNC2022-003-PROD01,607.93,514.4,272.83,01/01/2025,31/12/2026,CEDENAR S.A. E.S.P. está interesado en recibir ofertas para comprar energía eléctrica con el fin de atender la demanda de su mercado regulado actual y potencial para el periodo comprendido entre el 01 de enero de 2025 a 31 de diciembre de 2026.
87,CP-CDNC2022-003,CDNC,CEDENAR,06/06/2022,01/01/2025 al 31/12/2026,06/06/2022,29/06/2022,29/07/2022,11/08/2022,02/09/2022,Cerrada y adjudicada,,,,06/09/2022,CP-CDNC2022-003/CEDENAR/CDNC/01%2F02%2F2023/31%2F12%2F2026,1,CP-CDNC2022-003-PROD02,617.06,617.06,250.62,01/01/2025,31/12/2026,CEDENAR S.A. E.S.P. está interesado en recibir ofertas para comprar energía eléctrica con el fin de atender la demanda de su mercado regulado actual y potencial para el periodo comprendido entre el 01 de enero de 2025 a 31 de diciembre de 2026.
88,CP-EBSC2022-001,EBSC,EBSA,02/06/2022,01/01/2023 al 31/12/2038,06/06/2022,29/06/2022,29/07/2022,10/08/2022,01/09/2022,Cerrada y adjudicada,,,,13/09/2022,CP-EBSC2022-001/EBSA/EBSC/01%2F02%2F2023/31%2F12%2F2026,1,CP-EBSC2022-001-PROD01,1729.34,1690.32,254.33,01/01/2023,31/12/2038,"EBSA E.S.P dando cumplimiento a lo establecido en las Leyes 142 y 143 de 1994, y la reglamentación vigente expedida por la CREG para el Mercado de Energía Mayorista, está interesada en recibir ofertas con destino a su mercado regulado para el período comprendido desde el 01 de Enero de 2023 a 31 de diciembre de 2038."
89,CP-EBSC2022-001,EBSC,EBSA,02/06/2022,01/01/2023 al 31/12/2038,06/06/2022,29/06/2022,29/07/2022,10/08/2022,01/09/2022,Cerrada y adjudicada,,,,13/09/2022,CP-EBSC2022-001/EBSA/EBSC/01%2F02%2F2023/31%2F12%2F2026,1,CP-EBSC2022-001-PROD02,1714.21,0.0,0.0,01/01/2023,31/12/2038,"EBSA E.S.P dando cumplimiento a lo establecido en las Leyes 142 y 143 de 1994, y la reglamentación vigente expedida por la CREG para el Mercado de Energía Mayorista, está interesada en recibir ofertas con destino a su mercado regulado para el período comprendido desde el 01 de Enero de 2023 a 31 de diciembre de 2038."
90,CP-EBSC2022-001,EBSC,EBSA,02/06/2022,01/01/2023 al 31/12/2038,06/06/2022,29/06/2022,29/07/2022,10/08/2022,01/09/2022,Cerrada y adjudicada,,,,13/09/2022,CP-EBSC2022-001/EBSA/EBSC/01%2F02%2F2023/31%2F12%2F2026,1,CP-EBSC2022-001-PROD03,1850.58,0.0,0.0,01/01/2023,31/12/2038,"EBSA E.S.P dando cumplimiento a lo establecido en las Leyes 142 y 143 de 1994, y la reglamentación vigente expedida por la CREG para el Mercado de Energía Mayorista, está interesada en recibir ofertas con destino a su mercado regulado para el período comprendido desde el 01 de Enero de 2023 a 31 de diciembre de 2038."
91,CP-EBSC2022-001,EBSC,EBSA,02/06/2022,01/01/2023 al 31/12/2038,06/06/2022,29/06/2022,29/07/2022,10/08/2022,01/09/2022,Cerrada y adjudicada,,,,13/09/2022,CP-EBSC2022-001/EBSA/EBSC/01%2F02%2F2023/31%2F12%2F2026,1,CP-EBSC2022-001-PROD04,5698.65,2604.42,259.63,01/01/2023,31/12/2038,"EBSA E.S.P dando cumplimiento a lo establecido en las Leyes 142 y 143 de 1994, y la reglamentación vigente expedida por la CREG para el Mercado de Energía Mayorista, está interesada en recibir ofertas con destino a su mercado regulado para el período comprendido desde el 01 de Enero de 2023 a 31 de diciembre de 2038."
92,CP-EBSC2022-001,EBSC,EBSA,02/06/2022,01/01/2023 al 31/12/2038,06/06/2022,29/06/2022,29/07/2022,10/08/2022,01/09/2022,Cerrada y adjudicada,,,,13/09/2022,CP-EBSC2022-001/EBSA/EBSC/01%2F02%2F2023/31%2F12%2F2026,1,CP-EBSC2022-001-PROD05,876.72,412.02,266.38,01/01/2023,31/12/2038,"EBSA E.S.P dando cumplimiento a lo establecido en las Leyes 142 y 143 de 1994, y la reglamentación vigente expedida por la CREG para el Mercado de Energía Mayorista, está interesada en recibir ofertas con destino a su mercado regulado para el período comprendido desde el 01 de Enero de 2023 a 31 de diciembre de 2038."
93,CP-CHCC2022-001,CHCC,CHEC,31/05/2022,01/10/2022 al 31/12/2037,02/06/2022,24/06/2022,29/07/2022,11/08/2022,01/09/2022,Cerrada y adjudicada,,,,06/09/2022,CP-CHCC2022-001/CHEC/CHCC/01%2F02%2F2023/31%2F12%2F2026,1,CP-CHCC2022-001-PROD01,36.91,0.0,0.0,01/10/2022,31/12/2037,"Suministro de energía y potencia eléctricas requeridas para atender el mercado regulado, incluyendo las pérdidas correspondientes en el Sistema de Transmisión Nacional, para los períodos comprendidos entre 01 de octubre de 2022 al 31 de diciembre de 2022 y el 01 de enero de 2027 al 31 de diciembre de 2037"
94,CP-CHCC2022-001,CHCC,CHEC,31/05/2022,01/10/2022 al 31/12/2037,02/06/2022,24/06/2022,29/07/2022,11/08/2022,01/09/2022,Cerrada y adjudicada,,,,06/09/2022,CP-CHCC2022-001/CHEC/CHCC/01%2F02%2F2023/31%2F12%2F2026,1,CP-CHCC2022-001-PROD02,2289.6,2289.6,229.38,01/10/2022,31/12/2037,"Suministro de energía y potencia eléctricas requeridas para atender el mercado regulado, incluyendo las pérdidas correspondientes en el Sistema de Transmisión Nacional, para los períodos comprendidos entre 01 de octubre de 2022 al 31 de diciembre de 2022 y el 01 de enero de 2027 al 31 de diciembre de 2037"
95,CP-HLAC2022-001,HLAC,ELECTROHUILA,24/05/2022,01/09/2022 al 31/12/2031,26/05/2022,10/06/2022,13/07/2022,27/07/2022,08/08/2022,Cerrada y adjudicada,,,,18/08/2022,CP-HLAC2022-001/ELECTROHUILA/HLAC/01%2F02%2F2023/31%2F12%2F2026,1,CP-HLAC2022-001-PROD01,2137.37,0.0,0.0,01/09/2022,31/12/2031,Suministro de energía y potencia asociada con destino al mercado regulado de ELECTROHUILA SA ESP para el período comprendido entre 01 de septiembre de 2022 al 31 de diciembre de 2031
96,CP-HLAC2022-001,HLAC,ELECTROHUILA,24/05/2022,01/09/2022 al 31/12/2031,26/05/2022,10/06/2022,13/07/2022,27/07/2022,08/08/2022,Cerrada y adjudicada,,,,18/08/2022,CP-HLAC2022-001/ELECTROHUILA/HLAC/01%2F02%2F2023/31%2F12%2F2026,1,CP-HLAC2022-001-PROD02,256.47,0.0,0.0,01/09/2022,31/12/2031,Suministro de energía y potencia asociada con destino al mercado regulado de ELECTROHUILA SA ESP para el período comprendido entre 01 de septiembre de 2022 al 31 de diciembre de 2031
97,CP-HLAC2022-001,HLAC,ELECTROHUILA,24/05/2022,01/09/2022 al 31/12/2031,26/05/2022,10/06/2022,13/07/2022,27/07/2022,08/08/2022,Cerrada y adjudicada,,,,18/08/2022,CP-HLAC2022-001/ELECTROHUILA/HLAC/01%2F02%2F2023/31%2F12%2F2026,1,CP-HLAC2022-001-PROD03,444.32,3.47,285.0,01/09/2022,31/12/2031,Suministro de energía y potencia asociada con destino al mercado regulado de ELECTROHUILA SA ESP para el período comprendido entre 01 de septiembre de 2022 al 31 de diciembre de 2031
98,CP-HLAC2022-001,HLAC,ELECTROHUILA,24/05/2022,01/09/2022 al 31/12/2031,26/05/2022,10/06/2022,13/07/2022,27/07/2022,08/08/2022,Cerrada y adjudicada,,,,18/08/2022,CP-HLAC2022-001/ELECTROHUILA/HLAC/01%2F02%2F2023/31%2F12%2F2026,1,CP-HLAC2022-001-PROD04,433.13,0.0,0.0,01/09/2022,31/12/2031,Suministro de energía y potencia asociada con destino al mercado regulado de ELECTROHUILA SA ESP para el período comprendido entre 01 de septiembre de 2022 al 31 de diciembre de 2031
99,CP-ENDC2022-001,ENDC,ENEL,23/05/2022,01/09/2022 al 31/12/2036,26/05/2022,17/06/2022,21/07/2022,03/08/2022,09/08/2022,Cerrada y adjudicada,,,,18/08/2022,CP-ENDC2022-001/ENEL/ENDC/01%2F02%2F2023/31%2F12%2F2026,1,CP-ENDC2022-001-PROD03,773.0,240.0,246.27,01/09/2022,31/12/2036,"ENEL COLOMBIA S.A. ESP invita a los interesados a presentar oferta mercantil para el suministro de energía entre el 1 de septiembre de 2022 y el 31 de diciembre de 2036, para atender su mercado regulado."
100,CP-ENDC2022-001,ENDC,ENEL,23/05/2022,01/09/2022 al 31/12/2036,26/05/2022,17/06/2022,21/07/2022,03/08/2022,09/08/2022,Cerrada y adjudicada,,,,18/08/2022,CP-ENDC2022-001/ENEL/ENDC/01%2F02%2F2023/31%2F12%2F2026,1,CP-ENDC2022-001-PROD04,7455.0,4100.0,230.39,01/09/2022,31/12/2036,"ENEL COLOMBIA S.A. ESP invita a los interesados a presentar oferta mercantil para el suministro de energía entre el 1 de septiembre de 2022 y el 31 de diciembre de 2036, para atender su mercado regulado."
101,CP-CDNC2022-002,CDNC,CEDENAR,19/05/2022,01/01/2023 al 31/12/2032,19/05/2022,10/06/2022,13/07/2022,27/07/2022,16/08/2022,Cerrada y adjudicada,,,,19/08/2022,CP-CDNC2022-002/CEDENAR/CDNC/01%2F02%2F2023/31%2F12%2F2026,1,CP-CDNC2022-002-PROD01,156.48,12.79,282.24,01/01/2023,31/12/2032,CEDENAR S.A. E.S.P. está interesado en recibir ofertas para comprar energía eléctrica con el fin de atender la demanda de su mercado regulado actual y potencial para el periodo comprendido entre el 01 de enero de 2023 a 31 de diciembre de 2032
102,CP-CDNC2022-002,CDNC,CEDENAR,19/05/2022,01/01/2023 al 31/12/2032,19/05/2022,10/06/2022,13/07/2022,27/07/2022,16/08/2022,Cerrada y adjudicada,,,,19/08/2022,CP-CDNC2022-002/CEDENAR/CDNC/01%2F02%2F2023/31%2F12%2F2026,1,CP-CDNC2022-002-PROD02,45.86,26.35,290.42,01/01/2023,31/12/2032,CEDENAR S.A. E.S.P. está interesado en recibir ofertas para comprar energía eléctrica con el fin de atender la demanda de su mercado regulado actual y potencial para el periodo comprendido entre el 01 de enero de 2023 a 31 de diciembre de 2032
103,CP-CDNC2022-002,CDNC,CEDENAR,19/05/2022,01/01/2023 al 31/12/2032,19/05/2022,10/06/2022,13/07/2022,27/07/2022,16/08/2022,Cerrada y adjudicada,,,,19/08/2022,CP-CDNC2022-002/CEDENAR/CDNC/01%2F02%2F2023/31%2F12%2F2026,1,CP-CDNC2022-002-PROD03,53.33,0.0,0.0,01/01/2023,31/12/2032,CEDENAR S.A. E.S.P. está interesado en recibir ofertas para comprar energía eléctrica con el fin de atender la demanda de su mercado regulado actual y potencial para el periodo comprendido entre el 01 de enero de 2023 a 31 de diciembre de 2032
104,CP-RTQC2022-002,RTQC,RUITOQUE,16/05/2022,01/09/2022 al 31/12/2024,16/05/2022,07/06/2022,08/07/2022,21/07/2022,11/08/2022,Cerrada y adjudicada,,,,23/08/2022,CP-RTQC2022-002/RUITOQUE/RTQC/01%2F02%2F2023/31%2F12%2F2026,1,CP-RTQC2022-002-PROD01,8.78,8.78,231.08,01/09/2022,31/12/2024,COMPRA DE ENERGÍA ELÉCTRICA CON DESTINO AL MERCADO REGULADO DE RUITOQUE PARA EL PERÍODO DEL 01 DE SEPTIEMBRE DE 2022 AL 31 DICIEMBRE DE 2024
105,CP-RTQC2022-002,RTQC,RUITOQUE,16/05/2022,01/09/2022 al 31/12/2024,16/05/2022,07/06/2022,08/07/2022,21/07/2022,11/08/2022,Cerrada y adjudicada,,,,23/08/2022,CP-RTQC2022-002/RUITOQUE/RTQC/01%2F02%2F2023/31%2F12%2F2026,1,CP-RTQC2022-002-PROD02,2.28,2.28,235.8,01/09/2022,31/12/2024,COMPRA DE ENERGÍA ELÉCTRICA CON DESTINO AL MERCADO REGULADO DE RUITOQUE PARA EL PERÍODO DEL 01 DE SEPTIEMBRE DE 2022 AL 31 DICIEMBRE DE 2024
106,CP-RTQC2022-002,RTQC,RUITOQUE,16/05/2022,01/09/2022 al 31/12/2024,16/05/2022,07/06/2022,08/07/2022,21/07/2022,11/08/2022,Cerrada y adjudicada,,,,23/08/2022,CP-RTQC2022-002/RUITOQUE/RTQC/01%2F02%2F2023/31%2F12%2F2026,1,CP-RTQC2022-002-PROD03,43.8,0.0,0.0,01/09/2022,31/12/2024,COMPRA DE ENERGÍA ELÉCTRICA CON DESTINO AL MERCADO REGULADO DE RUITOQUE PARA EL PERÍODO DEL 01 DE SEPTIEMBRE DE 2022 AL 31 DICIEMBRE DE 2024
107,CP-RTQC2022-002,RTQC,RUITOQUE,16/05/2022,01/09/2022 al 31/12/2024,16/05/2022,07/06/2022,08/07/2022,21/07/2022,11/08/2022,Cerrada y adjudicada,,,,23/08/2022,CP-RTQC2022-002/RUITOQUE/RTQC/01%2F02%2F2023/31%2F12%2F2026,1,CP-RTQC2022-002-PROD04,15.2,0.0,0.0,01/09/2022,31/12/2024,COMPRA DE ENERGÍA ELÉCTRICA CON DESTINO AL MERCADO REGULADO DE RUITOQUE PARA EL PERÍODO DEL 01 DE SEPTIEMBRE DE 2022 AL 31 DICIEMBRE DE 2024
108,CP-RTQC2022-002,RTQC,RUITOQUE,16/05/2022,01/09/2022 al 31/12/2024,16/05/2022,07/06/2022,08/07/2022,21/07/2022,11/08/2022,Cerrada y adjudicada,,,,23/08/2022,CP-RTQC2022-002/RUITOQUE/RTQC/01%2F02%2F2023/31%2F12%2F2026,1,CP-RTQC2022-002-PROD05,26.3,0.0,0.0,01/09/2022,31/12/2024,COMPRA DE ENERGÍA ELÉCTRICA CON DESTINO AL MERCADO REGULADO DE RUITOQUE PARA EL PERÍODO DEL 01 DE SEPTIEMBRE DE 2022 AL 31 DICIEMBRE DE 2024
109,CP-RTQC2022-002,RTQC,RUITOQUE,16/05/2022,01/09/2022 al 31/12/2024,16/05/2022,07/06/2022,08/07/2022,21/07/2022,11/08/2022,Cerrada y adjudicada,,,,23/08/2022,CP-RTQC2022-002/RUITOQUE/RTQC/01%2F02%2F2023/31%2F12%2F2026,1,CP-RTQC2022-002-PROD06,22.1,0.0,0.0,01/09/2022,31/12/2024,COMPRA DE ENERGÍA ELÉCTRICA CON DESTINO AL MERCADO REGULADO DE RUITOQUE PARA EL PERÍODO DEL 01 DE SEPTIEMBRE DE 2022 AL 31 DICIEMBRE DE 2024
110,CP-EDQC2022-001,EDQC,EDEQ,09/05/2022,01/09/2022 al 31/12/2032,10/05/2022,01/06/2022,01/07/2022,15/07/2022,08/08/2022,Cerrada y adjudicada,,,,17/08/2022,CP-EDQC2022-001/EDEQ/EDQC/01%2F02%2F2023/31%2F12%2F2026,1,CP-EDQC2022-001-PROD01,136.17,56.73,248.95,01/09/2022,31/12/2032,"EDEQ S.A. ESP invita a los interesados a presentar oferta(s) mercantil(es) para el suministro de energía y potencia eléctricas requerida para atender el mercado regulado, para el período comprendido entre el 01 de septiembre de 2022 y el 31 de diciembre de 2032."
111,CP-EDQC2022-001,EDQC,EDEQ,09/05/2022,01/09/2022 al 31/12/2032,10/05/2022,01/06/2022,01/07/2022,15/07/2022,08/08/2022,Cerrada y adjudicada,,,,17/08/2022,CP-EDQC2022-001/EDEQ/EDQC/01%2F02%2F2023/31%2F12%2F2026,1,CP-EDQC2022-001-PROD02,206.08,206.08,233.2,01/09/2022,31/12/2032,"EDEQ S.A. ESP invita a los interesados a presentar oferta(s) mercantil(es) para el suministro de energía y potencia eléctricas requerida para atender el mercado regulado, para el período comprendido entre el 01 de septiembre de 2022 y el 31 de diciembre de 2032."
112,CP-EDQC2022-001,EDQC,EDEQ,09/05/2022,01/09/2022 al 31/12/2032,10/05/2022,01/06/2022,01/07/2022,15/07/2022,08/08/2022,Cerrada y adjudicada,,,,17/08/2022,CP-EDQC2022-001/EDEQ/EDQC/01%2F02%2F2023/31%2F12%2F2026,1,CP-EDQC2022-001-PROD03,138.23,0.0,0.0,01/09/2022,31/12/2032,"EDEQ S.A. ESP invita a los interesados a presentar oferta(s) mercantil(es) para el suministro de energía y potencia eléctricas requerida para atender el mercado regulado, para el período comprendido entre el 01 de septiembre de 2022 y el 31 de diciembre de 2032."
113,CP-EDQC2022-001,EDQC,EDEQ,09/05/2022,01/09/2022 al 31/12/2032,10/05/2022,01/06/2022,01/07/2022,15/07/2022,08/08/2022,Cerrada y adjudicada,,,,17/08/2022,CP-EDQC2022-001/EDEQ/EDQC/01%2F02%2F2023/31%2F12%2F2026,1,CP-EDQC2022-001-PROD04,138.23,32.74,233.92,01/09/2022,31/12/2032,"EDEQ S.A. ESP invita a los interesados a presentar oferta(s) mercantil(es) para el suministro de energía y potencia eléctricas requerida para atender el mercado regulado, para el período comprendido entre el 01 de septiembre de 2022 y el 31 de diciembre de 2032."
114,CP-EDQC2022-001,EDQC,EDEQ,09/05/2022,01/09/2022 al 31/12/2032,10/05/2022,01/06/2022,01/07/2022,15/07/2022,08/08/2022,Cerrada y adjudicada,,,,17/08/2022,CP-EDQC2022-001/EDEQ/EDQC/01%2F02%2F2023/31%2F12%2F2026,1,CP-EDQC2022-001-PROD05,105.49,30.07,278.57,01/09/2022,31/12/2032,"EDEQ S.A. ESP invita a los interesados a presentar oferta(s) mercantil(es) para el suministro de energía y potencia eléctricas requerida para atender el mercado regulado, para el período comprendido entre el 01 de septiembre de 2022 y el 31 de diciembre de 2032."
115,CP-EPTC2022-001,EPTC,PUTUMAYO,06/05/2022,01/01/2023 al 31/12/2029,06/05/2022,27/05/2022,29/06/2022,13/07/2022,02/08/2022,Cerrada y adjudicada,,,,11/08/2022,CP-EPTC2022-001/PUTUMAYO/EPTC/01%2F02%2F2023/31%2F12%2F2026,1,CP-EPTC2022-001-PROD01,181.02,122.42,278.72,01/01/2023,31/12/2029,"EMPRESA DE ENERGIA DEL PUTUMAYO S.A E.S.P., abre la CONVOCATORIA PUBLICA CP-EPTC2022-001, para contratar el suministro de energía y potencia para atender su Mercado Regulado.Se recibirán ofertas en la modalidad pague lo contratado , a partir del 1 de enero de 2023 al 31 de diciembre de 2029."
116,CP-CSSC2022-002,CSSC,Air-e,26/04/2022,01/07/2022 al 31/12/2028,26/04/2022,04/05/2022,02/06/2022,14/06/2022,30/06/2022,Cerrada y adjudicada,,,,12/07/2022,CP-CSSC2022-002/Air-e/CSSC/01%2F02%2F2023/31%2F12%2F2026,1,CP-CSSC2022-002-PROD03,3652.0,53.7,262.0,01/07/2022,31/12/2028,"Air-e se permite invitar bajo los términos y condiciones establecidos en la Resolución CREG 130 de 2019, a las empresas interesadas en presentar oferta para atender parte de la demanda de su mercado regulado durante el periodo comprendido entre el 01 de julio de 2022 al 31 de diciembre de 2028."
117,CP-CSSC2022-002,CSSC,Air-e,26/04/2022,01/07/2022 al 31/12/2028,26/04/2022,04/05/2022,02/06/2022,14/06/2022,30/06/2022,Cerrada y adjudicada,,,,12/07/2022,CP-CSSC2022-002/Air-e/CSSC/01%2F02%2F2023/31%2F12%2F2026,1,CP-CSSC2022-002-PROD04,0.08,0.0,0.0,01/07/2022,31/12/2028,"Air-e se permite invitar bajo los términos y condiciones establecidos en la Resolución CREG 130 de 2019, a las empresas interesadas en presentar oferta para atender parte de la demanda de su mercado regulado durante el periodo comprendido entre el 01 de julio de 2022 al 31 de diciembre de 2028."
118,CP-CQTC2022-002,CQTC,ELECTROCAQUETA,20/04/2022,01/08/2022 al 31/12/2025,20/04/2022,11/05/2022,09/06/2022,23/06/2022,15/07/2022,Cerrada y adjudicada,,,,27/07/2022,CP-CQTC2022-002/ELECTROCAQUETA/CQTC/01%2F02%2F2023/31%2F12%2F2026,1,CP-CQTC2022-002-PROD01,33.34,33.34,239.72,01/08/2022,31/12/2025,"COMPRA DEL SUMINISTRO DE ENERGIA Y POTENCIA ELECTRICA PARA ATENDER EL MERCADO REGULADO DE ELECTROCAQUETA S.A ESP., PARA EL PERIODO COMPRENDIDO ENTRE LAS 00:00 HORAS DEL DIA 1RO DE AGOSTO DEL 2022 HASTA LAS 11:59 PM DEL DIA 31 DE DICIEMBRE DEL 2025."
119,CP-CQTC2022-002,CQTC,ELECTROCAQUETA,20/04/2022,01/08/2022 al 31/12/2025,20/04/2022,11/05/2022,09/06/2022,23/06/2022,15/07/2022,Cerrada y adjudicada,,,,27/07/2022,CP-CQTC2022-002/ELECTROCAQUETA/CQTC/01%2F02%2F2023/31%2F12%2F2026,1,CP-CQTC2022-002-PROD02,,,,01/08/2022,31/12/2025,"COMPRA DEL SUMINISTRO DE ENERGIA Y POTENCIA ELECTRICA PARA ATENDER EL MERCADO REGULADO DE ELECTROCAQUETA S.A ESP., PARA EL PERIODO COMPRENDIDO ENTRE LAS 00:00 HORAS DEL DIA 1RO DE AGOSTO DEL 2022 HASTA LAS 11:59 PM DEL DIA 31 DE DICIEMBRE DEL 2025."
120,CP-CQTC2022-002,CQTC,ELECTROCAQUETA,20/04/2022,01/08/2022 al 31/12/2025,20/04/2022,11/05/2022,09/06/2022,23/06/2022,15/07/2022,Cerrada y adjudicada,,,,27/07/2022,CP-CQTC2022-002/ELECTROCAQUETA/CQTC/01%2F02%2F2023/31%2F12%2F2026,1,CP-CQTC2022-002-PROD03,,,,01/08/2022,31/12/2025,"COMPRA DEL SUMINISTRO DE ENERGIA Y POTENCIA ELECTRICA PARA ATENDER EL MERCADO REGULADO DE ELECTROCAQUETA S.A ESP., PARA EL PERIODO COMPRENDIDO ENTRE LAS 00:00 HORAS DEL DIA 1RO DE AGOSTO DEL 2022 HASTA LAS 11:59 PM DEL DIA 31 DE DICIEMBRE DEL 2025."
121,CP-CQTC2022-002,CQTC,ELECTROCAQUETA,20/04/2022,01/08/2022 al 31/12/2025,20/04/2022,11/05/2022,09/06/2022,23/06/2022,15/07/2022,Cerrada y adjudicada,,,,27/07/2022,CP-CQTC2022-002/ELECTROCAQUETA/CQTC/01%2F02%2F2023/31%2F12%2F2026,1,CP-CQTC2022-002-PROD04,,,,01/08/2022,31/12/2025,"COMPRA DEL SUMINISTRO DE ENERGIA Y POTENCIA ELECTRICA PARA ATENDER EL MERCADO REGULADO DE ELECTROCAQUETA S.A ESP., PARA EL PERIODO COMPRENDIDO ENTRE LAS 00:00 HORAS DEL DIA 1RO DE AGOSTO DEL 2022 HASTA LAS 11:59 PM DEL DIA 31 DE DICIEMBRE DEL 2025."
122,CP-EBPC2022-001,EBPC,BAJO PUTUMAYO,06/04/2022,01/01/2023 al 31/12/2027,07/04/2022,02/05/2022,31/05/2022,09/06/2022,23/06/2022,Cerrada y adjudicada,,,,29/06/2022,CP-EBPC2022-001/BAJO PUTUMAYO/EBPC/01%2F02%2F2023/31%2F12%2F2026,1,CP-EBPC2022-001-PROD01,233.62,233.62,272.52,01/01/2023,31/12/2027,"Suministro de energía (curva y plana) para el mercado, para el periodo 01-01-2023 al 31-12-2027."
123,CP-TPLC2022-003,TPLC,TERPEL,30/03/2022,01/08/2022 al 31/12/2032,01/04/2022,19/04/2022,18/05/2022,27/05/2022,21/06/2022,Cerrada y adjudicada,,,,30/06/2022,CP-TPLC2022-003/TERPEL/TPLC/01%2F02%2F2023/31%2F12%2F2026,1,CP-TPLC2022-003-PROD01,1.4,0.57,240.0,01/08/2022,31/12/2032,TERPEL ENERGÍA S.A.S. E.S.P. invita a los interesados a presentar oferta mercantil para el suministro de energía entre el 1 de agosto de 2022 y el 31 de diciembre de 2032.
124,CP-TPLC2022-003,TPLC,TERPEL,30/03/2022,01/08/2022 al 31/12/2032,01/04/2022,19/04/2022,18/05/2022,27/05/2022,21/06/2022,Cerrada y adjudicada,,,,30/06/2022,CP-TPLC2022-003/TERPEL/TPLC/01%2F02%2F2023/31%2F12%2F2026,1,CP-TPLC2022-003-PROD02,,,,01/08/2022,31/12/2032,TERPEL ENERGÍA S.A.S. E.S.P. invita a los interesados a presentar oferta mercantil para el suministro de energía entre el 1 de agosto de 2022 y el 31 de diciembre de 2032.
125,CP-TPLC2022-003,TPLC,TERPEL,30/03/2022,01/08/2022 al 31/12/2032,01/04/2022,19/04/2022,18/05/2022,27/05/2022,21/06/2022,Cerrada y adjudicada,,,,30/06/2022,CP-TPLC2022-003/TERPEL/TPLC/01%2F02%2F2023/31%2F12%2F2026,1,CP-TPLC2022-003-PROD03,,,,01/08/2022,31/12/2032,TERPEL ENERGÍA S.A.S. E.S.P. invita a los interesados a presentar oferta mercantil para el suministro de energía entre el 1 de agosto de 2022 y el 31 de diciembre de 2032.
126,CP-TPLC2022-003,TPLC,TERPEL,30/03/2022,01/08/2022 al 31/12/2032,01/04/2022,19/04/2022,18/05/2022,27/05/2022,21/06/2022,Cerrada y adjudicada,,,,30/06/2022,CP-TPLC2022-003/TERPEL/TPLC/01%2F02%2F2023/31%2F12%2F2026,1,CP-TPLC2022-003-PROD04,90.6,67.3,244.15,01/08/2022,31/12/2032,TERPEL ENERGÍA S.A.S. E.S.P. invita a los interesados a presentar oferta mercantil para el suministro de energía entre el 1 de agosto de 2022 y el 31 de diciembre de 2032.
127,CP-CNSC2022-001,CNSC,CENS,18/03/2022,01/07/2022 al 31/12/2037,22/03/2022,12/04/2022,12/05/2022,25/05/2022,15/06/2022,Cerrada y adjudicada,,,,06/07/2022,CP-CNSC2022-001/CENS/CNSC/01%2F02%2F2023/31%2F12%2F2026,1,CP-CNSC2022-001-PROD01,156.15,130.25,249.0,01/07/2022,31/12/2037,"RECIBIR PROPUESTAS PARA EL SUMINISTRO DE ENERGÍA Y POTENCIA ELÉCTRICA REQUERIDAS PARA ATENDER EL MERCADO REGULADO CENS, MODALIDAD PAGUE LO CONTRATADO, PARA LA VIGENCIA DEL 1 DE JULIO DE 2022 AL 31 DE DICIEMBRE DE 2037. LOS PRODUCTOS 1,2 Y 3 SON EXCLUSIVOS DE FNCER (PND Y RESOLUCIONES MME 4 0715-2019 Y 40060-2021)"
128,CP-CNSC2022-001,CNSC,CENS,18/03/2022,01/07/2022 al 31/12/2037,22/03/2022,12/04/2022,12/05/2022,25/05/2022,15/06/2022,Cerrada y adjudicada,,,,06/07/2022,CP-CNSC2022-001/CENS/CNSC/01%2F02%2F2023/31%2F12%2F2026,1,CP-CNSC2022-001-PROD02,431.76,357.98,232.79,01/07/2022,31/12/2037,"RECIBIR PROPUESTAS PARA EL SUMINISTRO DE ENERGÍA Y POTENCIA ELÉCTRICA REQUERIDAS PARA ATENDER EL MERCADO REGULADO CENS, MODALIDAD PAGUE LO CONTRATADO, PARA LA VIGENCIA DEL 1 DE JULIO DE 2022 AL 31 DE DICIEMBRE DE 2037. LOS PRODUCTOS 1,2 Y 3 SON EXCLUSIVOS DE FNCER (PND Y RESOLUCIONES MME 4 0715-2019 Y 40060-2021)"
129,CP-CNSC2022-001,CNSC,CENS,18/03/2022,01/07/2022 al 31/12/2037,22/03/2022,12/04/2022,12/05/2022,25/05/2022,15/06/2022,Cerrada y adjudicada,,,,06/07/2022,CP-CNSC2022-001/CENS/CNSC/01%2F02%2F2023/31%2F12%2F2026,1,CP-CNSC2022-001-PROD03,783.42,783.42,234.3,01/07/2022,31/12/2037,"RECIBIR PROPUESTAS PARA EL SUMINISTRO DE ENERGÍA Y POTENCIA ELÉCTRICA REQUERIDAS PARA ATENDER EL MERCADO REGULADO CENS, MODALIDAD PAGUE LO CONTRATADO, PARA LA VIGENCIA DEL 1 DE JULIO DE 2022 AL 31 DE DICIEMBRE DE 2037. LOS PRODUCTOS 1,2 Y 3 SON EXCLUSIVOS DE FNCER (PND Y RESOLUCIONES MME 4 0715-2019 Y 40060-2021)"
130,CP-CNSC2022-001,CNSC,CENS,18/03/2022,01/07/2022 al 31/12/2037,22/03/2022,12/04/2022,12/05/2022,25/05/2022,15/06/2022,Cerrada y adjudicada,,,,06/07/2022,CP-CNSC2022-001/CENS/CNSC/01%2F02%2F2023/31%2F12%2F2026,1,CP-CNSC2022-001-PROD04,40.51,38.93,240.9,01/07/2022,31/12/2037,"RECIBIR PROPUESTAS PARA EL SUMINISTRO DE ENERGÍA Y POTENCIA ELÉCTRICA REQUERIDAS PARA ATENDER EL MERCADO REGULADO CENS, MODALIDAD PAGUE LO CONTRATADO, PARA LA VIGENCIA DEL 1 DE JULIO DE 2022 AL 31 DE DICIEMBRE DE 2037. LOS PRODUCTOS 1,2 Y 3 SON EXCLUSIVOS DE FNCER (PND Y RESOLUCIONES MME 4 0715-2019 Y 40060-2021)"
131,CP-CNSC2022-001,CNSC,CENS,18/03/2022,01/07/2022 al 31/12/2037,22/03/2022,12/04/2022,12/05/2022,25/05/2022,15/06/2022,Cerrada y adjudicada,,,,06/07/2022,CP-CNSC2022-001/CENS/CNSC/01%2F02%2F2023/31%2F12%2F2026,1,CP-CNSC2022-001-PROD05,77.79,0.0,0.0,01/07/2022,31/12/2037,"RECIBIR PROPUESTAS PARA EL SUMINISTRO DE ENERGÍA Y POTENCIA ELÉCTRICA REQUERIDAS PARA ATENDER EL MERCADO REGULADO CENS, MODALIDAD PAGUE LO CONTRATADO, PARA LA VIGENCIA DEL 1 DE JULIO DE 2022 AL 31 DE DICIEMBRE DE 2037. LOS PRODUCTOS 1,2 Y 3 SON EXCLUSIVOS DE FNCER (PND Y RESOLUCIONES MME 4 0715-2019 Y 40060-2021)"
132,CP-CNSC2022-001,CNSC,CENS,18/03/2022,01/07/2022 al 31/12/2037,22/03/2022,12/04/2022,12/05/2022,25/05/2022,15/06/2022,Cerrada y adjudicada,,,,06/07/2022,CP-CNSC2022-001/CENS/CNSC/01%2F02%2F2023/31%2F12%2F2026,1,CP-CNSC2022-001-PROD06,56.04,11.21,259.0,01/07/2022,31/12/2037,"RECIBIR PROPUESTAS PARA EL SUMINISTRO DE ENERGÍA Y POTENCIA ELÉCTRICA REQUERIDAS PARA ATENDER EL MERCADO REGULADO CENS, MODALIDAD PAGUE LO CONTRATADO, PARA LA VIGENCIA DEL 1 DE JULIO DE 2022 AL 31 DE DICIEMBRE DE 2037. LOS PRODUCTOS 1,2 Y 3 SON EXCLUSIVOS DE FNCER (PND Y RESOLUCIONES MME 4 0715-2019 Y 40060-2021)"
133,CP-CNSC2022-001,CNSC,CENS,18/03/2022,01/07/2022 al 31/12/2037,22/03/2022,12/04/2022,12/05/2022,25/05/2022,15/06/2022,Cerrada y adjudicada,,,,06/07/2022,CP-CNSC2022-001/CENS/CNSC/01%2F02%2F2023/31%2F12%2F2026,1,CP-CNSC2022-001-PROD07,3420.93,3093.68,227.59,01/07/2022,31/12/2037,"RECIBIR PROPUESTAS PARA EL SUMINISTRO DE ENERGÍA Y POTENCIA ELÉCTRICA REQUERIDAS PARA ATENDER EL MERCADO REGULADO CENS, MODALIDAD PAGUE LO CONTRATADO, PARA LA VIGENCIA DEL 1 DE JULIO DE 2022 AL 31 DE DICIEMBRE DE 2037. LOS PRODUCTOS 1,2 Y 3 SON EXCLUSIVOS DE FNCER (PND Y RESOLUCIONES MME 4 0715-2019 Y 40060-2021)"
